fromId,toId,toName,relationLang,from2Id,to2Id,to2Name,relation2Lang
top_regional_north_america_united_states_indiana,top_world_español_regional_américa_estados_unidos_estados_indiana,indiana,Spanish,top_world_español_regional_américa_estados_unidos_estados_indiana,spanish,spanish,Spanish
top_regional_north_america_united_states_indiana,top_world_russian_страны_и_регионы_северная_америка_соединенные_штаты_америки_индиана,индиана,Russian,top_world_russian_страны_и_регионы_северная_америка_соединенные_штаты_америки_индиана,russian,russian,Russian
top_regional_north_america_united_states_indiana,top_world_japanese_地域_北アメリカ_アメリカ合衆国_インディアナ州,インディアナ州,Japanese,top_world_japanese_地域_北アメリカ_アメリカ合衆国_インディアナ州,japanese,japanese,Japanese
top_regional_north_america_united_states_indiana,top_world_français_régional_amérique_etats-unis_indiana,indiana,French,top_world_français_régional_amérique_etats-unis_indiana,french,french,French
top_regional_north_america_united_states_iowa,top_world_español_regional_américa_estados_unidos_estados_iowa,iowa,Spanish,top_world_español_regional_américa_estados_unidos_estados_iowa,spanish,spanish,Spanish
top_regional_north_america_united_states_iowa,top_world_japanese_地域_北アメリカ_アメリカ合衆国_アイオワ州,アイオワ州,Japanese,top_world_japanese_地域_北アメリカ_アメリカ合衆国_アイオワ州,japanese,japanese,Japanese
top_regional_north_america_united_states_iowa,top_world_français_régional_amérique_etats-unis_iowa,iowa,French,top_world_français_régional_amérique_etats-unis_iowa,french,french,French
top_regional_north_america_united_states_kansas,top_world_español_regional_américa_estados_unidos_estados_kansas,kansas,Spanish,top_world_español_regional_américa_estados_unidos_estados_kansas,spanish,spanish,Spanish
top_regional_north_america_united_states_kansas,top_world_japanese_地域_北アメリカ_アメリカ合衆国_カンザス州,カンザス州,Japanese,top_world_japanese_地域_北アメリカ_アメリカ合衆国_カンザス州,japanese,japanese,Japanese
top_regional_north_america_united_states_kansas,top_world_français_régional_amérique_etats-unis_kansas,kansas,French,top_world_français_régional_amérique_etats-unis_kansas,french,french,French
top_regional_north_america_united_states_kentucky,top_world_español_regional_américa_estados_unidos_estados_kentucky,kentucky,Spanish,top_world_español_regional_américa_estados_unidos_estados_kentucky,spanish,spanish,Spanish
top_regional_north_america_united_states_kentucky,top_world_deutsch_regional_amerika_vereinigte_staaten_kentucky,kentucky,German,top_world_deutsch_regional_amerika_vereinigte_staaten_kentucky,german,german,German
top_regional_north_america_united_states_kentucky,top_world_japanese_地域_北アメリカ_アメリカ合衆国_ケンタッキー州,ケンタッキー州,Japanese,top_world_japanese_地域_北アメリカ_アメリカ合衆国_ケンタッキー州,japanese,japanese,Japanese
top_regional_north_america_united_states_kentucky,top_world_français_régional_amérique_etats-unis_kentucky,kentucky,French,top_world_français_régional_amérique_etats-unis_kentucky,french,french,French
top_regional_north_america_united_states_localities,top_world_italiano_regionale_america_del_nord_stati_uniti_località,località,Italian,top_world_italiano_regionale_america_del_nord_stati_uniti_località,italian,italian,Italian
top_regional_north_america_united_states_localities,top_world_deutsch_regional_amerika_vereinigte_staaten_orte,orte,German,top_world_deutsch_regional_amerika_vereinigte_staaten_orte,german,german,German
top_regional_north_america_united_states_localities,top_world_japanese_地域_北アメリカ_アメリカ合衆国_市町村,市町村,Japanese,top_world_japanese_地域_北アメリカ_アメリカ合衆国_市町村,japanese,japanese,Japanese
top_regional_north_america_united_states_louisiana,top_world_español_regional_américa_estados_unidos_estados_louisiana,louisiana,Spanish,top_world_español_regional_américa_estados_unidos_estados_louisiana,spanish,spanish,Spanish
top_regional_north_america_united_states_louisiana,top_world_deutsch_regional_amerika_vereinigte_staaten_louisiana,louisiana,German,top_world_deutsch_regional_amerika_vereinigte_staaten_louisiana,german,german,German
top_regional_north_america_united_states_louisiana,top_world_japanese_地域_北アメリカ_アメリカ合衆国_ルイジアナ州,ルイジアナ州,Japanese,top_world_japanese_地域_北アメリカ_アメリカ合衆国_ルイジアナ州,japanese,japanese,Japanese
top_regional_north_america_united_states_louisiana,top_world_français_régional_amérique_etats-unis_louisiane,louisiane,French,top_world_français_régional_amérique_etats-unis_louisiane,french,french,French
top_regional_north_america_united_states_louisiana_arts_and_entertainment,top_world_français_régional_amérique_etats-unis_louisiane_arts_et_culture,arts et culture,French,top_world_français_régional_amérique_etats-unis_louisiane_arts_et_culture,french,french,French
top_regional_north_america_united_states_louisiana_localities,top_world_japanese_地域_北アメリカ_アメリカ合衆国_ルイジアナ州_市町村,市町村,Japanese,top_world_japanese_地域_北アメリカ_アメリカ合衆国_ルイジアナ州_市町村,japanese,japanese,Japanese
top_regional_north_america_united_states_louisiana_localities,top_world_français_régional_amérique_etats-unis_louisiane_villes,villes,French,top_world_français_régional_amérique_etats-unis_louisiane_villes,french,french,French
top_regional_north_america_united_states_louisiana_localities_n_new_orleans,top_world_japanese_地域_北アメリカ_アメリカ合衆国_ルイジアナ州_市町村_ニューオリンズ,ニューオリンズ,Japanese,top_world_japanese_地域_北アメリカ_アメリカ合衆国_ルイジアナ州_市町村_ニューオリンズ,japanese,japanese,Japanese
top_regional_north_america_united_states_louisiana_localities_n_new_orleans,top_world_français_régional_amérique_etats-unis_louisiane_villes_la_nouvelle-orléans,la nouvelle-orléans,French,top_world_français_régional_amérique_etats-unis_louisiane_villes_la_nouvelle-orléans,french,french,French
top_regional_north_america_united_states_louisiana_society_and_culture,top_world_français_régional_amérique_etats-unis_louisiane_société,société,French,top_world_français_régional_amérique_etats-unis_louisiane_société,french,french,French
top_regional_north_america_united_states_louisiana_society_and_culture_history,top_world_français_régional_amérique_etats-unis_louisiane_société_histoire,histoire,French,top_world_français_régional_amérique_etats-unis_louisiane_société_histoire,french,french,French
top_regional_north_america_united_states_louisiana_travel_and_tourism,top_world_français_régional_amérique_etats-unis_louisiane_voyages_et_tourisme,voyages et tourisme,French,top_world_français_régional_amérique_etats-unis_louisiane_voyages_et_tourisme,french,french,French
top_regional_north_america_united_states_maine,top_world_español_regional_américa_estados_unidos_estados_maine,maine,Spanish,top_world_español_regional_américa_estados_unidos_estados_maine,spanish,spanish,Spanish
top_regional_north_america_united_states_maine,top_world_français_régional_amérique_etats-unis_maine,maine,French,top_world_français_régional_amérique_etats-unis_maine,french,french,French
top_regional_north_america_united_states_maps_and_views,top_world_deutsch_regional_amerika_vereinigte_staaten_karten_und_bilder,karten und bilder,German,top_world_deutsch_regional_amerika_vereinigte_staaten_karten_und_bilder,german,german,German
top_regional_north_america_united_states_maps_and_views,top_world_japanese_地域_北アメリカ_アメリカ合衆国_地図・景観,地図・景観,Japanese,top_world_japanese_地域_北アメリカ_アメリカ合衆国_地図・景観,japanese,japanese,Japanese
top_regional_north_america_united_states_maps_and_views,top_world_français_régional_amérique_etats-unis_références_cartes_et_vues,cartes et vues,French,top_world_français_régional_amérique_etats-unis_références_cartes_et_vues,french,french,French
top_regional_north_america_united_states_maryland,top_world_español_regional_américa_estados_unidos_estados_maryland,maryland,Spanish,top_world_español_regional_américa_estados_unidos_estados_maryland,spanish,spanish,Spanish
top_regional_north_america_united_states_maryland,top_world_russian_страны_и_регионы_северная_америка_соединенные_штаты_америки_мэриленд,мэриленд,Russian,top_world_russian_страны_и_регионы_северная_америка_соединенные_штаты_америки_мэриленд,russian,russian,Russian
top_regional_north_america_united_states_maryland,top_world_deutsch_regional_amerika_vereinigte_staaten_maryland,maryland,German,top_world_deutsch_regional_amerika_vereinigte_staaten_maryland,german,german,German
top_regional_north_america_united_states_maryland,top_world_japanese_地域_北アメリカ_アメリカ合衆国_メリーランド州,メリーランド州,Japanese,top_world_japanese_地域_北アメリカ_アメリカ合衆国_メリーランド州,japanese,japanese,Japanese
top_regional_north_america_united_states_maryland,top_world_polski_regionalne_ameryka_północna_stany_zjednoczone_maryland,maryland,Polish,top_world_polski_regionalne_ameryka_północna_stany_zjednoczone_maryland,polish,polish,Polish
top_regional_north_america_united_states_maryland,top_world_français_régional_amérique_etats-unis_maryland,maryland,French,top_world_français_régional_amérique_etats-unis_maryland,french,french,French
top_regional_north_america_united_states_maryland_education,top_world_japanese_地域_北アメリカ_アメリカ合衆国_メリーランド州_教育,教育,Japanese,top_world_japanese_地域_北アメリカ_アメリカ合衆国_メリーランド州_教育,japanese,japanese,Japanese
top_regional_north_america_united_states_massachusetts,top_world_español_regional_américa_estados_unidos_estados_massachusetts,massachusetts,Spanish,top_world_español_regional_américa_estados_unidos_estados_massachusetts,spanish,spanish,Spanish
top_regional_north_america_united_states_massachusetts,top_world_russian_страны_и_регионы_северная_америка_соединенные_штаты_америки_массачусетс,массачусетс,Russian,top_world_russian_страны_и_регионы_северная_америка_соединенные_штаты_америки_массачусетс,russian,russian,Russian
top_regional_north_america_united_states_massachusetts,top_world_deutsch_regional_amerika_vereinigte_staaten_massachusetts,massachusetts,German,top_world_deutsch_regional_amerika_vereinigte_staaten_massachusetts,german,german,German
top_regional_north_america_united_states_massachusetts,top_world_japanese_地域_北アメリカ_アメリカ合衆国_マサチューセッツ州,マサチューセッツ州,Japanese,top_world_japanese_地域_北アメリカ_アメリカ合衆国_マサチューセッツ州,japanese,japanese,Japanese
top_regional_north_america_united_states_massachusetts,top_world_français_régional_amérique_etats-unis_massachusetts,massachusetts,French,top_world_français_régional_amérique_etats-unis_massachusetts,french,french,French
top_regional_north_america_united_states_massachusetts,top_world_chinese_simplified_地区_北美洲_美国_麻塞诸萨,麻塞诸萨,Chinese Simplified,top_world_chinese_simplified_地区_北美洲_美国_麻塞诸萨,chinese simplified,chinese simplified,Chinese Simplified
top_regional_north_america_united_states_massachusetts_localities,top_world_japanese_地域_北アメリカ_アメリカ合衆国_マサチューセッツ州_市町村,市町村,Japanese,top_world_japanese_地域_北アメリカ_アメリカ合衆国_マサチューセッツ州_市町村,japanese,japanese,Japanese
top_regional_north_america_united_states_massachusetts_localities_b_boston,top_world_japanese_地域_北アメリカ_アメリカ合衆国_マサチューセッツ州_市町村_ボストン,ボストン,Japanese,top_world_japanese_地域_北アメリカ_アメリカ合衆国_マサチューセッツ州_市町村_ボストン,japanese,japanese,Japanese
top_regional_north_america_united_states_michigan,top_world_español_regional_américa_estados_unidos_estados_michigan,michigan,Spanish,top_world_español_regional_américa_estados_unidos_estados_michigan,spanish,spanish,Spanish
top_regional_north_america_united_states_michigan,top_world_esperanto_regionoj_ameriko_usono_miŝigano,miŝigano,Esperanto,top_world_esperanto_regionoj_ameriko_usono_miŝigano,esperanto,esperanto,Esperanto
top_regional_north_america_united_states_michigan,top_world_russian_страны_и_регионы_северная_америка_соединенные_штаты_америки_мичиган,мичиган,Russian,top_world_russian_страны_и_регионы_северная_америка_соединенные_штаты_америки_мичиган,russian,russian,Russian
top_regional_north_america_united_states_michigan,top_world_deutsch_regional_amerika_vereinigte_staaten_michigan,michigan,German,top_world_deutsch_regional_amerika_vereinigte_staaten_michigan,german,german,German
top_regional_north_america_united_states_michigan,top_world_japanese_地域_北アメリカ_アメリカ合衆国_ミシガン州,ミシガン州,Japanese,top_world_japanese_地域_北アメリカ_アメリカ合衆国_ミシガン州,japanese,japanese,Japanese
top_regional_north_america_united_states_michigan,top_world_polski_regionalne_ameryka_północna_stany_zjednoczone_michigan,michigan,Polish,top_world_polski_regionalne_ameryka_północna_stany_zjednoczone_michigan,polish,polish,Polish
top_regional_north_america_united_states_michigan,top_world_français_régional_amérique_etats-unis_michigan,michigan,French,top_world_français_régional_amérique_etats-unis_michigan,french,french,French
top_regional_north_america_united_states_michigan_localities,top_world_japanese_地域_北アメリカ_アメリカ合衆国_ミシガン州_市町村,市町村,Japanese,top_world_japanese_地域_北アメリカ_アメリカ合衆国_ミシガン州_市町村,japanese,japanese,Japanese
top_regional_north_america_united_states_michigan_localities_d_detroit,top_world_japanese_地域_北アメリカ_アメリカ合衆国_ミシガン州_市町村_デトロイト,デトロイト,Japanese,top_world_japanese_地域_北アメリカ_アメリカ合衆国_ミシガン州_市町村_デトロイト,japanese,japanese,Japanese
top_regional_north_america_united_states_minnesota,top_world_español_regional_américa_estados_unidos_estados_minnesota,minnesota,Spanish,top_world_español_regional_américa_estados_unidos_estados_minnesota,spanish,spanish,Spanish
top_regional_north_america_united_states_minnesota,"top_world_korean_지역,국가_북아메리카_미국_미네소타",미네소타,Korean,"top_world_korean_지역,국가_북아메리카_미국_미네소타",korean,korean,Korean
top_regional_north_america_united_states_minnesota,top_world_deutsch_regional_amerika_vereinigte_staaten_minnesota,minnesota,German,top_world_deutsch_regional_amerika_vereinigte_staaten_minnesota,german,german,German
top_regional_north_america_united_states_minnesota,top_world_japanese_地域_北アメリカ_アメリカ合衆国_ミネソタ州,ミネソタ州,Japanese,top_world_japanese_地域_北アメリカ_アメリカ合衆国_ミネソタ州,japanese,japanese,Japanese
top_regional_north_america_united_states_minnesota,top_world_français_régional_amérique_etats-unis_minnesota,minnesota,French,top_world_français_régional_amérique_etats-unis_minnesota,french,french,French
top_regional_north_america_united_states_mississippi,top_world_español_regional_américa_estados_unidos_estados_mississippi,mississippi,Spanish,top_world_español_regional_américa_estados_unidos_estados_mississippi,spanish,spanish,Spanish
top_regional_north_america_united_states_mississippi,top_world_deutsch_regional_amerika_vereinigte_staaten_mississippi,mississippi,German,top_world_deutsch_regional_amerika_vereinigte_staaten_mississippi,german,german,German
top_regional_north_america_united_states_mississippi,top_world_japanese_地域_北アメリカ_アメリカ合衆国_ミシシッピ州,ミシシッピ州,Japanese,top_world_japanese_地域_北アメリカ_アメリカ合衆国_ミシシッピ州,japanese,japanese,Japanese
top_regional_north_america_united_states_mississippi,top_world_français_régional_amérique_etats-unis_mississippi,mississippi,French,top_world_français_régional_amérique_etats-unis_mississippi,french,french,French
top_regional_north_america_united_states_missouri,top_world_español_regional_américa_estados_unidos_estados_missouri,missouri,Spanish,top_world_español_regional_américa_estados_unidos_estados_missouri,spanish,spanish,Spanish
top_regional_north_america_united_states_missouri,top_world_bosanski_regionalno_sjeverna_amerika_sjedinjene_američke_države_misuri,misuri,Bosnian,top_world_bosanski_regionalno_sjeverna_amerika_sjedinjene_američke_države_misuri,bosnian,bosnian,Bosnian
top_regional_north_america_united_states_missouri,top_world_russian_страны_и_регионы_северная_америка_соединенные_штаты_америки_миссури,миссури,Russian,top_world_russian_страны_и_регионы_северная_америка_соединенные_штаты_америки_миссури,russian,russian,Russian
top_regional_north_america_united_states_missouri,top_world_japanese_地域_北アメリカ_アメリカ合衆国_ミズーリ州,ミズーリ州,Japanese,top_world_japanese_地域_北アメリカ_アメリカ合衆国_ミズーリ州,japanese,japanese,Japanese
top_regional_north_america_united_states_missouri,top_world_français_régional_amérique_etats-unis_missouri,missouri,Français,top_world_français_régional_amérique_etats-unis_missouri,français,français,Français
top_regional_north_america_united_states_missouri_localities,top_world_bosanski_regionalno_sjeverna_amerika_sjedinjene_američke_države_misuri_gradovi,gradovi,Bosnian,top_world_bosanski_regionalno_sjeverna_amerika_sjedinjene_američke_države_misuri_gradovi,bosnian,bosnian,Bosnian
top_regional_north_america_united_states_missouri_localities_s_saint_louis,top_world_bosanski_regionalno_sjeverna_amerika_sjedinjene_američke_države_misuri_gradovi_saint_louis,saint louis,Bosnian,top_world_bosanski_regionalno_sjeverna_amerika_sjedinjene_američke_države_misuri_gradovi_saint_louis,bosnian,bosnian,Bosnian
top_regional_north_america_united_states_missouri_localities_s_saint_louis_travel_and_tourism,top_world_bosanski_regionalno_sjeverna_amerika_sjedinjene_američke_države_misuri_gradovi_saint_louis_putovanje_i_turizam,putovanje i turizam,Bosnian,top_world_bosanski_regionalno_sjeverna_amerika_sjedinjene_američke_države_misuri_gradovi_saint_louis_putovanje_i_turizam,bosnian,bosnian,Bosnian
top_regional_north_america_united_states_missouri_localities_s_saint_louis_travel_and_tourism_travel_services,top_world_bosanski_regionalno_sjeverna_amerika_sjedinjene_američke_države_misuri_gradovi_saint_louis_putovanje_i_turizam_putničke_usluge,putničke usluge,Bosnian,top_world_bosanski_regionalno_sjeverna_amerika_sjedinjene_američke_države_misuri_gradovi_saint_louis_putovanje_i_turizam_putničke_usluge,bosnian,bosnian,Bosnian
top_regional_north_america_united_states_missouri_travel_and_tourism,top_world_bosanski_regionalno_sjeverna_amerika_sjedinjene_američke_države_misuri_putovanje_i_turizam,putovanje i turizam,Bosnian,top_world_bosanski_regionalno_sjeverna_amerika_sjedinjene_američke_države_misuri_putovanje_i_turizam,bosnian,bosnian,Bosnian
top_regional_north_america_united_states_missouri_travel_and_tourism_travel_services,top_world_bosanski_regionalno_sjeverna_amerika_sjedinjene_američke_države_misuri_putovanje_i_turizam_putničke_usluge,putničke usluge,Bosanski,top_world_bosanski_regionalno_sjeverna_amerika_sjedinjene_američke_države_misuri_putovanje_i_turizam_putničke_usluge,bosanski,bosanski,Bosanski
top_regional_north_america_united_states_missouri_travel_and_tourism_travel_services_travel_agents,top_world_bosanski_regionalno_sjeverna_amerika_sjedinjene_američke_države_misuri_putovanje_i_turizam_putničke_usluge_putničke_agencije,putničke agencije,Bosnian,top_world_bosanski_regionalno_sjeverna_amerika_sjedinjene_američke_države_misuri_putovanje_i_turizam_putničke_usluge_putničke_agencije,bosnian,bosnian,Bosnian
top_regional_north_america_united_states_montana,top_world_español_regional_américa_estados_unidos_estados_montana,montana,Spanish,top_world_español_regional_américa_estados_unidos_estados_montana,spanish,spanish,Spanish
top_regional_north_america_united_states_montana,top_world_deutsch_regional_amerika_vereinigte_staaten_montana,montana,German,top_world_deutsch_regional_amerika_vereinigte_staaten_montana,german,german,German
top_regional_north_america_united_states_montana,top_world_japanese_地域_北アメリカ_アメリカ合衆国_モンタナ州,モンタナ州,Japanese,top_world_japanese_地域_北アメリカ_アメリカ合衆国_モンタナ州,japanese,japanese,Japanese
top_regional_north_america_united_states_montana,top_world_français_régional_amérique_etats-unis_montana,montana,French,top_world_français_régional_amérique_etats-unis_montana,french,french,French
top_regional_north_america_united_states_nebraska,top_world_español_regional_américa_estados_unidos_estados_nebraska,nebraska,Spanish,top_world_español_regional_américa_estados_unidos_estados_nebraska,spanish,spanish,Spanish
top_regional_north_america_united_states_nebraska,top_world_deutsch_regional_amerika_vereinigte_staaten_nebraska,nebraska,German,top_world_deutsch_regional_amerika_vereinigte_staaten_nebraska,german,german,German
top_regional_north_america_united_states_nebraska,top_world_français_régional_amérique_etats-unis_nebraska,nebraska,French,top_world_français_régional_amérique_etats-unis_nebraska,french,french,French
top_regional_north_america_united_states_nevada,top_world_español_regional_américa_estados_unidos_estados_nevada,nevada,Spanish,top_world_español_regional_américa_estados_unidos_estados_nevada,spanish,spanish,Spanish
top_regional_north_america_united_states_nevada,top_world_russian_страны_и_регионы_северная_америка_соединенные_штаты_америки_невада,невада,Russian,top_world_russian_страны_и_регионы_северная_америка_соединенные_штаты_америки_невада,russian,russian,Russian
top_regional_north_america_united_states_nevada,top_world_deutsch_regional_amerika_vereinigte_staaten_nevada,nevada,German,top_world_deutsch_regional_amerika_vereinigte_staaten_nevada,german,german,German
top_regional_north_america_united_states_nevada,top_world_japanese_地域_北アメリカ_アメリカ合衆国_ネバダ州,ネバダ州,Japanese,top_world_japanese_地域_北アメリカ_アメリカ合衆国_ネバダ州,japanese,japanese,Japanese
top_regional_north_america_united_states_nevada,top_world_français_régional_amérique_etats-unis_nevada,nevada,French,top_world_français_régional_amérique_etats-unis_nevada,french,french,French
top_regional_north_america_united_states_nevada_localities,top_world_japanese_地域_北アメリカ_アメリカ合衆国_ネバダ州_市町村,市町村,Japanese,top_world_japanese_地域_北アメリカ_アメリカ合衆国_ネバダ州_市町村,japanese,japanese,Japanese
top_regional_north_america_united_states_nevada_localities_l_las_vegas,top_world_deutsch_regional_amerika_vereinigte_staaten_nevada_las_vegas,las vegas,German,top_world_deutsch_regional_amerika_vereinigte_staaten_nevada_las_vegas,german,german,German
top_regional_north_america_united_states_nevada_localities_l_las_vegas,top_world_japanese_地域_北アメリカ_アメリカ合衆国_ネバダ州_市町村_ラスベガス,ラスベガス,Japanese,top_world_japanese_地域_北アメリカ_アメリカ合衆国_ネバダ州_市町村_ラスベガス,japanese,japanese,Japanese
top_regional_north_america_united_states_nevada_localities_l_las_vegas_travel_and_tourism,top_world_deutsch_regional_amerika_vereinigte_staaten_nevada_las_vegas_tourismus,tourismus,German,top_world_deutsch_regional_amerika_vereinigte_staaten_nevada_las_vegas_tourismus,german,german,German
top_regional_north_america_united_states_news_and_media,top_world_español_regional_américa_estados_unidos_noticias_y_medios,noticias y medios,Spanish,top_world_español_regional_américa_estados_unidos_noticias_y_medios,spanish,spanish,Spanish
top_regional_north_america_united_states_news_and_media,top_world_bosanski_regionalno_sjeverna_amerika_sjedinjene_američke_države_novosti_i_mediji,novosti i mediji,Bosnian,top_world_bosanski_regionalno_sjeverna_amerika_sjedinjene_američke_države_novosti_i_mediji,bosnian,bosnian,Bosnian
top_regional_north_america_united_states_news_and_media,"top_world_korean_지역,국가_북아메리카_미국_뉴스,미디어","뉴스,미디어",Korean,"top_world_korean_지역,국가_북아메리카_미국_뉴스,미디어",korean,korean,Korean
top_regional_north_america_united_states_news_and_media,top_world_russian_страны_и_регионы_северная_америка_соединенные_штаты_америки_новости_и_сми,новости и сми,Russian,top_world_russian_страны_и_регионы_северная_америка_соединенные_штаты_америки_новости_и_сми,russian,russian,Russian
top_regional_north_america_united_states_news_and_media,top_world_japanese_地域_北アメリカ_アメリカ合衆国_ニュースとメディア,ニュースとメディア,Japanese,top_world_japanese_地域_北アメリカ_アメリカ合衆国_ニュースとメディア,japanese,japanese,Japanese
top_regional_north_america_united_states_news_and_media,top_world_lietuvių_regionai_šiaurės_amerika_jungtinės_amerikos_valstijos_žiniasklaida_ir_naujienos,žiniasklaida ir naujienos,Lithuanian,top_world_lietuvių_regionai_šiaurės_amerika_jungtinės_amerikos_valstijos_žiniasklaida_ir_naujienos,lithuanian,lithuanian,Lithuanian
top_regional_north_america_united_states_news_and_media,top_world_chinese_traditional_區域_美洲_美國_新聞與媒體,新聞與媒體,Chinese,top_world_chinese_traditional_區域_美洲_美國_新聞與媒體,chinese,chinese,Chinese
top_regional_north_america_united_states_news_and_media,top_world_polski_regionalne_ameryka_północna_stany_zjednoczone_media,media,Polish,top_world_polski_regionalne_ameryka_północna_stany_zjednoczone_media,polish,polish,Polish
top_regional_north_america_united_states_news_and_media,top_world_chinese_simplified_地区_北美洲_美国_新闻与媒体,新闻与媒体,Chinese Simplified,top_world_chinese_simplified_地区_北美洲_美国_新闻与媒体,chinese simplified,chinese simplified,Chinese Simplified
top_regional_north_america_united_states_news_and_media,top_world_tiếng_việt_địa_phương_bắc_mỹ_hoa_kỳ_báo_chí_và_tin_tức,báo chí và tin tức,English,top_world_tiếng_việt_địa_phương_bắc_mỹ_hoa_kỳ_báo_chí_và_tin_tức,english,english,English
top_regional_north_america_united_states_news_and_media_television,top_world_bosanski_regionalno_sjeverna_amerika_sjedinjene_američke_države_novosti_i_mediji_televizija,televizija,Bosnian,top_world_bosanski_regionalno_sjeverna_amerika_sjedinjene_američke_države_novosti_i_mediji_televizija,bosnian,bosnian,Bosnian
top_regional_north_america_united_states_news_and_media_television,top_world_chinese_traditional_區域_美洲_美國_新聞與媒體_電視,電視,Chinese,top_world_chinese_traditional_區域_美洲_美國_新聞與媒體_電視,chinese,chinese,Chinese
top_regional_north_america_united_states_new_hampshire,top_world_español_regional_américa_estados_unidos_estados_nueva_hampshire,nueva hampshire,Spanish,top_world_español_regional_américa_estados_unidos_estados_nueva_hampshire,spanish,spanish,Spanish
top_regional_north_america_united_states_new_hampshire,top_world_français_régional_amérique_etats-unis_new_hampshire,new hampshire,French,top_world_français_régional_amérique_etats-unis_new_hampshire,french,french,French
top_regional_north_america_united_states_new_jersey,top_world_español_regional_américa_estados_unidos_estados_nueva_jersey,nueva jersey,Spanish,top_world_español_regional_américa_estados_unidos_estados_nueva_jersey,spanish,spanish,Spanish
top_regional_north_america_united_states_new_jersey,top_world_russian_страны_и_регионы_северная_америка_соединенные_штаты_америки_нью-джерси,нью-джерси,Russian,top_world_russian_страны_и_регионы_северная_америка_соединенные_штаты_америки_нью-джерси,russian,russian,Russian
top_regional_north_america_united_states_new_jersey,top_world_deutsch_regional_amerika_vereinigte_staaten_new_jersey,new jersey,German,top_world_deutsch_regional_amerika_vereinigte_staaten_new_jersey,german,german,German
top_regional_north_america_united_states_new_jersey,top_world_japanese_地域_北アメリカ_アメリカ合衆国_ニュージャージー州,ニュージャージー州,Japanese,top_world_japanese_地域_北アメリカ_アメリカ合衆国_ニュージャージー州,japanese,japanese,Japanese
top_regional_north_america_united_states_new_jersey,top_world_polski_regionalne_ameryka_północna_stany_zjednoczone_new_jersey,new jersey,Polish,top_world_polski_regionalne_ameryka_północna_stany_zjednoczone_new_jersey,polish,polish,Polish
top_regional_north_america_united_states_new_jersey,top_world_français_régional_amérique_etats-unis_new_jersey,new jersey,French,top_world_français_régional_amérique_etats-unis_new_jersey,french,french,French
top_regional_north_america_united_states_new_jersey_education,top_world_japanese_地域_北アメリカ_アメリカ合衆国_ニュージャージー州_教育,教育,Japanese,top_world_japanese_地域_北アメリカ_アメリカ合衆国_ニュージャージー州_教育,japanese,japanese,Japanese
top_regional_north_america_united_states_new_mexico,top_world_español_regional_américa_estados_unidos_estados_nuevo_méxico,nuevo méxico,Spanish,top_world_español_regional_américa_estados_unidos_estados_nuevo_méxico,spanish,spanish,Spanish
top_regional_north_america_united_states_new_mexico,top_world_deutsch_regional_amerika_vereinigte_staaten_neu-mexiko,neu-mexiko,German,top_world_deutsch_regional_amerika_vereinigte_staaten_neu-mexiko,german,german,German
top_regional_north_america_united_states_new_mexico,top_world_japanese_地域_北アメリカ_アメリカ合衆国_ニューメキシコ州,ニューメキシコ州,Japanese,top_world_japanese_地域_北アメリカ_アメリカ合衆国_ニューメキシコ州,japanese,japanese,Japanese
top_regional_north_america_united_states_new_mexico,top_world_français_régional_amérique_etats-unis_nouveau-mexique,nouveau-mexique,French,top_world_français_régional_amérique_etats-unis_nouveau-mexique,french,french,French
top_regional_north_america_united_states_new_york,top_world_español_regional_américa_estados_unidos_estados_nueva_york,nueva york,Spanish,top_world_español_regional_américa_estados_unidos_estados_nueva_york,spanish,spanish,Spanish
top_regional_north_america_united_states_new_york,top_world_italiano_regionale_america_del_nord_stati_uniti_new_york,new york,Italian,top_world_italiano_regionale_america_del_nord_stati_uniti_new_york,italian,italian,Italian
top_regional_north_america_united_states_new_york,top_world_esperanto_regionoj_ameriko_usono_novjorkio,novjorkio,Esperanto,top_world_esperanto_regionoj_ameriko_usono_novjorkio,esperanto,esperanto,Esperanto
top_regional_north_america_united_states_new_york,"top_world_korean_지역,국가_북아메리카_미국_뉴욕",뉴욕,Korean,"top_world_korean_지역,국가_북아메리카_미국_뉴욕",korean,korean,Korean
top_regional_north_america_united_states_new_york,top_world_russian_страны_и_регионы_северная_америка_соединенные_штаты_америки_нью-йорк,нью-йорк,Russian,top_world_russian_страны_и_регионы_северная_америка_соединенные_штаты_америки_нью-йорк,russian,russian,Russian
top_regional_north_america_united_states_new_york,top_world_deutsch_regional_amerika_vereinigte_staaten_new_york,new york,German,top_world_deutsch_regional_amerika_vereinigte_staaten_new_york,german,german,German
top_regional_north_america_united_states_new_york,top_world_japanese_地域_北アメリカ_アメリカ合衆国_ニューヨーク州,ニューヨーク州,Japanese,top_world_japanese_地域_北アメリカ_アメリカ合衆国_ニューヨーク州,japanese,japanese,Japanese
top_regional_north_america_united_states_new_york,top_world_polski_regionalne_ameryka_północna_stany_zjednoczone_nowy_jork,nowy jork,Polish,top_world_polski_regionalne_ameryka_północna_stany_zjednoczone_nowy_jork,polish,polish,Polish
top_regional_north_america_united_states_new_york,top_world_français_régional_amérique_etats-unis_new_york,new york,French,top_world_français_régional_amérique_etats-unis_new_york,french,french,French
top_regional_north_america_united_states_new_york,top_world_chinese_simplified_地区_北美洲_美国_纽约,纽约,Chinese Simplified,top_world_chinese_simplified_地区_北美洲_美国_纽约,chinese simplified,chinese simplified,Chinese Simplified
top_regional_north_america_united_states_new_york_arts_and_entertainment,top_world_français_régional_amérique_etats-unis_new_york_arts_et_culture,arts et culture,French,top_world_français_régional_amérique_etats-unis_new_york_arts_et_culture,french,french,French
top_regional_north_america_united_states_new_york_business_and_economy,top_world_russian_страны_и_регионы_северная_америка_соединенные_штаты_америки_нью-йорк_бизнес_и_экономика,бизнес и экономика,Russian,top_world_russian_страны_и_регионы_северная_америка_соединенные_штаты_америки_нью-йорк_бизнес_и_экономика,russian,russian,Russian
top_regional_north_america_united_states_new_york_business_and_economy,top_world_japanese_地域_北アメリカ_アメリカ合衆国_ニューヨーク州_ビジネス・経済,ビジネス・経済,Japanese,top_world_japanese_地域_北アメリカ_アメリカ合衆国_ニューヨーク州_ビジネス・経済,japanese,japanese,Japanese
top_regional_north_america_united_states_new_york_education,top_world_japanese_地域_北アメリカ_アメリカ合衆国_ニューヨーク州_教育,教育,Japanese,top_world_japanese_地域_北アメリカ_アメリカ合衆国_ニューヨーク州_教育,japanese,japanese,Japanese
top_regional_north_america_united_states_new_york_government,top_world_français_régional_amérique_etats-unis_new_york_etat_et_politique,etat et politique,French,top_world_français_régional_amérique_etats-unis_new_york_etat_et_politique,french,french,French
top_regional_north_america_united_states_new_york_localities,top_world_japanese_地域_北アメリカ_アメリカ合衆国_ニューヨーク州_市町村,市町村,Japanese,top_world_japanese_地域_北アメリカ_アメリカ合衆国_ニューヨーク州_市町村,japanese,japanese,Japanese
top_regional_north_america_united_states_new_york_localities_n_new_york_city,top_world_español_regional_américa_estados_unidos_estados_nueva_york_nueva_york,nueva york,Spanish,top_world_español_regional_américa_estados_unidos_estados_nueva_york_nueva_york,spanish,spanish,Spanish
top_regional_north_america_united_states_new_york_localities_n_new_york_city,top_world_italiano_regionale_america_del_nord_stati_uniti_new_york_new_york_city,new york city,Italian,top_world_italiano_regionale_america_del_nord_stati_uniti_new_york_new_york_city,italian,italian,Italian
top_regional_north_america_united_states_new_york_localities_n_new_york_city,top_world_deutsch_regional_amerika_vereinigte_staaten_new_york_new_york_city,new york city,German,top_world_deutsch_regional_amerika_vereinigte_staaten_new_york_new_york_city,german,german,German
top_regional_north_america_united_states_new_york_localities_n_new_york_city,top_world_japanese_地域_北アメリカ_アメリカ合衆国_ニューヨーク州_市町村_ニューヨークシティ,ニューヨークシティ,Japanese,top_world_japanese_地域_北アメリカ_アメリカ合衆国_ニューヨーク州_市町村_ニューヨークシティ,japanese,japanese,Japanese
top_regional_north_america_united_states_new_york_localities_n_new_york_city,top_world_français_régional_amérique_etats-unis_new_york_new_york_city,new york city,French,top_world_français_régional_amérique_etats-unis_new_york_new_york_city,french,french,French
top_regional_north_america_united_states_new_york_localities_n_new_york_city_arts_and_entertainment,top_world_français_régional_amérique_etats-unis_new_york_new_york_city_arts_et_culture,arts et culture,French,top_world_français_régional_amérique_etats-unis_new_york_new_york_city_arts_et_culture,french,french,French
top_regional_north_america_united_states_new_york_localities_n_new_york_city_arts_and_entertainment_architecture,top_world_français_régional_amérique_etats-unis_new_york_new_york_city_arts_et_culture_architecture_et_patrimoine,architecture et patrimoine,French,top_world_français_régional_amérique_etats-unis_new_york_new_york_city_arts_et_culture_architecture_et_patrimoine,french,french,French
top_regional_north_america_united_states_new_york_localities_n_new_york_city_arts_and_entertainment_architecture_historic_buildings,top_world_français_régional_amérique_etats-unis_new_york_new_york_city_arts_et_culture_architecture_et_patrimoine_monuments_historiques,monuments historiques,French,top_world_français_régional_amérique_etats-unis_new_york_new_york_city_arts_et_culture_architecture_et_patrimoine_monuments_historiques,french,french,French
top_regional_north_america_united_states_new_york_localities_n_new_york_city_arts_and_entertainment_libraries,top_world_français_régional_amérique_etats-unis_new_york_new_york_city_références_bibliothèques,bibliothèques,French,top_world_français_régional_amérique_etats-unis_new_york_new_york_city_références_bibliothèques,french,french,French
top_regional_north_america_united_states_new_york_localities_n_new_york_city_arts_and_entertainment_museums,top_world_français_références_musées_régional_amérique_etats-unis_new_york_city,new york city,French,top_world_français_références_musées_régional_amérique_etats-unis_new_york_city,french,french,French
top_regional_north_america_united_states_new_york_localities_n_new_york_city_business_and_economy,top_world_deutsch_regional_amerika_vereinigte_staaten_new_york_new_york_city_wirtschaft,wirtschaft,German,top_world_deutsch_regional_amerika_vereinigte_staaten_new_york_new_york_city_wirtschaft,german,german,German
top_regional_north_america_united_states_new_york_localities_n_new_york_city_business_and_economy,top_world_japanese_地域_北アメリカ_アメリカ合衆国_ニューヨーク州_市町村_ニューヨークシティ_ビジネス・経済,ビジネス・経済,Japanese,top_world_japanese_地域_北アメリカ_アメリカ合衆国_ニューヨーク州_市町村_ニューヨークシティ_ビジネス・経済,japanese,japanese,Japanese
top_regional_north_america_united_states_new_york_localities_n_new_york_city_business_and_economy_real_estate,top_world_japanese_地域_北アメリカ_アメリカ合衆国_ニューヨーク州_市町村_ニューヨークシティ_ビジネス・経済_不動産,不動産,Japanese,top_world_japanese_地域_北アメリカ_アメリカ合衆国_ニューヨーク州_市町村_ニューヨークシティ_ビジネス・経済_不動産,japanese,japanese,Japanese
top_regional_north_america_united_states_new_york_localities_n_new_york_city_government,top_world_français_régional_amérique_etats-unis_new_york_new_york_city_etat_et_politique,etat et politique,French,top_world_français_régional_amérique_etats-unis_new_york_new_york_city_etat_et_politique,french,french,French
top_regional_north_america_united_states_new_york_localities_n_new_york_city_manhattan_society_and_culture_politics_united_nations,top_world_français_société_institutions_et_administrations_multilatérales_nations_unies_(onu-un)_offices_new_york,new york,French,top_world_français_société_institutions_et_administrations_multilatérales_nations_unies_(onu-un)_offices_new_york,french,french,French
top_regional_north_america_united_states_new_york_localities_n_new_york_city_society_and_culture,top_world_deutsch_regional_amerika_vereinigte_staaten_new_york_new_york_city_gesellschaft,gesellschaft,German,top_world_deutsch_regional_amerika_vereinigte_staaten_new_york_new_york_city_gesellschaft,german,german,German
top_regional_north_america_united_states_new_york_localities_n_new_york_city_society_and_culture,top_world_japanese_地域_北アメリカ_アメリカ合衆国_ニューヨーク州_市町村_ニューヨークシティ_社会・文化,社会・文化,Japanese,top_world_japanese_地域_北アメリカ_アメリカ合衆国_ニューヨーク州_市町村_ニューヨークシティ_社会・文化,japanese,japanese,Japanese
top_regional_north_america_united_states_new_york_localities_n_new_york_city_society_and_culture,top_world_français_régional_amérique_etats-unis_new_york_new_york_city_société,société,French,top_world_français_régional_amérique_etats-unis_new_york_new_york_city_société,french,french,French
top_regional_north_america_united_states_new_york_localities_n_new_york_city_travel_and_tourism,top_world_español_regional_américa_estados_unidos_estados_nueva_york_nueva_york_viajes_y_turismo,viajes y turismo,Spanish,top_world_español_regional_américa_estados_unidos_estados_nueva_york_nueva_york_viajes_y_turismo,spanish,spanish,Spanish
top_regional_north_america_united_states_new_york_localities_n_new_york_city_travel_and_tourism,top_world_deutsch_regional_amerika_vereinigte_staaten_new_york_new_york_city_tourismus,tourismus,German,top_world_deutsch_regional_amerika_vereinigte_staaten_new_york_new_york_city_tourismus,german,german,German
top_regional_north_america_united_states_new_york_localities_n_new_york_city_travel_and_tourism,top_world_japanese_地域_北アメリカ_アメリカ合衆国_ニューヨーク州_市町村_ニューヨークシティ_旅行・観光,旅行・観光,Japanese,top_world_japanese_地域_北アメリカ_アメリカ合衆国_ニューヨーク州_市町村_ニューヨークシティ_旅行・観光,japanese,japanese,Japanese
top_regional_north_america_united_states_new_york_localities_n_new_york_city_travel_and_tourism,top_world_français_régional_amérique_etats-unis_new_york_new_york_city_voyages_et_tourisme,voyages et tourisme,French,top_world_français_régional_amérique_etats-unis_new_york_new_york_city_voyages_et_tourisme,french,french,French
top_regional_north_america_united_states_new_york_localities_n_new_york_city_travel_and_tourism_lodging,top_world_japanese_地域_北アメリカ_アメリカ合衆国_ニューヨーク州_市町村_ニューヨークシティ_旅行・観光_宿泊施設,宿泊施設,Japanese,top_world_japanese_地域_北アメリカ_アメリカ合衆国_ニューヨーク州_市町村_ニューヨークシティ_旅行・観光_宿泊施設,japanese,japanese,Japanese
top_regional_north_america_united_states_new_york_localities_p_peekskill,top_world_deutsch_regional_amerika_vereinigte_staaten_new_york_peekskill,peekskill,German,top_world_deutsch_regional_amerika_vereinigte_staaten_new_york_peekskill,german,german,German
top_regional_north_america_united_states_new_york_localities_r_rye,top_world_deutsch_regional_amerika_vereinigte_staaten_new_york_rye,rye,German,top_world_deutsch_regional_amerika_vereinigte_staaten_new_york_rye,german,german,German
top_regional_north_america_united_states_new_york_news_and_media,top_world_russian_страны_и_регионы_северная_америка_соединенные_штаты_америки_нью-йорк_новости_и_сми,новости и сми,Russian,top_world_russian_страны_и_регионы_северная_америка_соединенные_штаты_америки_нью-йорк_новости_и_сми,russian,russian,Russian
top_regional_north_america_united_states_new_york_recreation_and_sports,top_world_français_régional_amérique_etats-unis_new_york_sports_et_loisirs,sports et loisirs,French,top_world_français_régional_amérique_etats-unis_new_york_sports_et_loisirs,french,french,French
top_regional_north_america_united_states_new_york_society_and_culture,top_world_russian_страны_и_регионы_северная_америка_соединенные_штаты_америки_нью-йорк_общество_и_культура,общество и культура,Russian,top_world_russian_страны_и_регионы_северная_америка_соединенные_штаты_америки_нью-йорк_общество_и_культура,russian,russian,Russian
top_regional_north_america_united_states_new_york_society_and_culture,top_world_japanese_地域_北アメリカ_アメリカ合衆国_ニューヨーク州_社会・文化,社会・文化,Japanese,top_world_japanese_地域_北アメリカ_アメリカ合衆国_ニューヨーク州_社会・文化,japanese,japanese,Japanese
top_regional_north_america_united_states_new_york_society_and_culture,top_world_français_régional_amérique_etats-unis_new_york_société,société,French,top_world_français_régional_amérique_etats-unis_new_york_société,french,french,French
top_regional_north_america_united_states_new_york_travel_and_tourism,top_world_deutsch_regional_amerika_vereinigte_staaten_new_york_reise_und_tourismus,reise und tourismus,German,top_world_deutsch_regional_amerika_vereinigte_staaten_new_york_reise_und_tourismus,german,german,German
top_regional_north_america_united_states_new_york_travel_and_tourism,top_world_japanese_地域_北アメリカ_アメリカ合衆国_ニューヨーク州_旅行・観光,旅行・観光,Japanese,top_world_japanese_地域_北アメリカ_アメリカ合衆国_ニューヨーク州_旅行・観光,japanese,japanese,Japanese
top_regional_north_america_united_states_new_york_travel_and_tourism,top_world_français_régional_amérique_etats-unis_new_york_voyages_et_tourisme,voyages et tourisme,French,top_world_français_régional_amérique_etats-unis_new_york_voyages_et_tourisme,french,french,French
top_regional_north_america_united_states_new_york_travel_and_tourism_lodging,top_world_japanese_地域_北アメリカ_アメリカ合衆国_ニューヨーク州_旅行・観光_宿泊施設,宿泊施設,Japanese,top_world_japanese_地域_北アメリカ_アメリカ合衆国_ニューヨーク州_旅行・観光_宿泊施設,japanese,japanese,Japanese
top_regional_north_america_united_states_north_carolina,top_world_español_regional_américa_estados_unidos_estados_carolina_del_norte,carolina del norte,Spanish,top_world_español_regional_américa_estados_unidos_estados_carolina_del_norte,spanish,spanish,Spanish
top_regional_north_america_united_states_north_carolina,top_world_russian_страны_и_регионы_северная_америка_соединенные_штаты_америки_северная_каролина,северная каролина,Russian,top_world_russian_страны_и_регионы_северная_америка_соединенные_штаты_америки_северная_каролина,russian,russian,Russian
top_regional_north_america_united_states_north_carolina,top_world_deutsch_regional_amerika_vereinigte_staaten_north_carolina,north carolina,German,top_world_deutsch_regional_amerika_vereinigte_staaten_north_carolina,german,german,German
top_regional_north_america_united_states_north_carolina,top_world_japanese_地域_北アメリカ_アメリカ合衆国_ノースカロライナ州,ノースカロライナ州,Japanese,top_world_japanese_地域_北アメリカ_アメリカ合衆国_ノースカロライナ州,japanese,japanese,Japanese
top_regional_north_america_united_states_north_carolina,top_world_français_régional_amérique_etats-unis_caroline_du_nord,caroline du nord,French,top_world_français_régional_amérique_etats-unis_caroline_du_nord,french,french,French
top_regional_north_america_united_states_north_carolina_news_and_media,top_world_español_regional_américa_estados_unidos_estados_carolina_del_norte_noticias_y_medios,noticias y medios,Spanish,top_world_español_regional_américa_estados_unidos_estados_carolina_del_norte_noticias_y_medios,spanish,spanish,Spanish
top_regional_north_america_united_states_north_dakota,top_world_español_regional_américa_estados_unidos_estados_dakota_del_norte,dakota del norte,Spanish,top_world_español_regional_américa_estados_unidos_estados_dakota_del_norte,spanish,spanish,Spanish
top_regional_north_america_united_states_north_dakota,top_world_français_régional_amérique_etats-unis_dakota_du_nord,dakota du nord,French,top_world_français_régional_amérique_etats-unis_dakota_du_nord,french,french,French
top_regional_north_america_united_states_ohio,top_world_español_regional_américa_estados_unidos_estados_ohio,ohio,Spanish,top_world_español_regional_américa_estados_unidos_estados_ohio,spanish,spanish,Spanish
top_regional_north_america_united_states_ohio,top_world_japanese_地域_北アメリカ_アメリカ合衆国_オハイオ州,オハイオ州,Japanese,top_world_japanese_地域_北アメリカ_アメリカ合衆国_オハイオ州,japanese,japanese,Japanese
top_regional_north_america_united_states_ohio,top_world_français_régional_amérique_etats-unis_ohio,ohio,French,top_world_français_régional_amérique_etats-unis_ohio,french,french,French
top_regional_north_america_united_states_oklahoma,top_world_español_regional_américa_estados_unidos_estados_oklahoma,oklahoma,Spanish,top_world_español_regional_américa_estados_unidos_estados_oklahoma,spanish,spanish,Spanish
top_regional_north_america_united_states_oklahoma,top_world_japanese_地域_北アメリカ_アメリカ合衆国_オクラホマ州,オクラホマ州,Japanese,top_world_japanese_地域_北アメリカ_アメリカ合衆国_オクラホマ州,japanese,japanese,Japanese
top_regional_north_america_united_states_oklahoma,top_world_français_régional_amérique_etats-unis_oklahoma,oklahoma,French,top_world_français_régional_amérique_etats-unis_oklahoma,french,french,French
top_regional_north_america_united_states_oklahoma_news_and_media,top_world_español_regional_américa_estados_unidos_estados_oklahoma_noticias_y_medios,noticias y medios,Spanish,top_world_español_regional_américa_estados_unidos_estados_oklahoma_noticias_y_medios,spanish,spanish,Spanish
top_regional_north_america_united_states_oregon,top_world_español_regional_américa_estados_unidos_estados_oregon,oregon,Spanish,top_world_español_regional_américa_estados_unidos_estados_oregon,spanish,spanish,Spanish
top_regional_north_america_united_states_oregon,top_world_russian_страны_и_регионы_северная_америка_соединенные_штаты_америки_орегон,орегон,Russian,top_world_russian_страны_и_регионы_северная_америка_соединенные_штаты_америки_орегон,russian,russian,Russian
top_regional_north_america_united_states_oregon,top_world_deutsch_regional_amerika_vereinigte_staaten_oregon,oregon,German,top_world_deutsch_regional_amerika_vereinigte_staaten_oregon,german,german,German
top_regional_north_america_united_states_oregon,top_world_japanese_地域_北アメリカ_アメリカ合衆国_オレゴン州,オレゴン州,Japanese,top_world_japanese_地域_北アメリカ_アメリカ合衆国_オレゴン州,japanese,japanese,Japanese
top_regional_north_america_united_states_oregon,top_world_français_régional_amérique_etats-unis_oregon,oregon,French,top_world_français_régional_amérique_etats-unis_oregon,french,french,French
top_regional_north_america_united_states_oregon_localities,top_world_japanese_地域_北アメリカ_アメリカ合衆国_オレゴン州_市町村,市町村,Japanese,top_world_japanese_地域_北アメリカ_アメリカ合衆国_オレゴン州_市町村,japanese,japanese,Japanese
top_regional_north_america_united_states_oregon_localities_p_portland,top_world_japanese_地域_北アメリカ_アメリカ合衆国_オレゴン州_市町村_ポートランド,ポートランド,Japanese,top_world_japanese_地域_北アメリカ_アメリカ合衆国_オレゴン州_市町村_ポートランド,japanese,japanese,Japanese
top_regional_north_america_united_states_oregon_news_and_media,top_world_español_regional_américa_estados_unidos_estados_oregon_noticias_y_medios,noticias y medios,Spanish,top_world_español_regional_américa_estados_unidos_estados_oregon_noticias_y_medios,spanish,spanish,Spanish
top_regional_north_america_united_states_pennsylvania,top_world_español_regional_américa_estados_unidos_estados_pennsylvania,pennsylvania,Spanish,top_world_español_regional_américa_estados_unidos_estados_pennsylvania,spanish,spanish,Spanish
top_regional_north_america_united_states_pennsylvania,"top_world_korean_지역,국가_북아메리카_미국_펜실베이니아",펜실베이니아,Korean,"top_world_korean_지역,국가_북아메리카_미국_펜실베이니아",korean,korean,Korean
top_regional_north_america_united_states_pennsylvania,top_world_russian_страны_и_регионы_северная_америка_соединенные_штаты_америки_пенсильвания,пенсильвания,Russian,top_world_russian_страны_и_регионы_северная_америка_соединенные_штаты_америки_пенсильвания,russian,russian,Russian
top_regional_north_america_united_states_pennsylvania,top_world_deutsch_regional_amerika_vereinigte_staaten_pennsylvania,pennsylvania,German,top_world_deutsch_regional_amerika_vereinigte_staaten_pennsylvania,german,german,German
top_regional_north_america_united_states_pennsylvania,top_world_japanese_地域_北アメリカ_アメリカ合衆国_ペンシルバニア州,ペンシルバニア州,Japanese,top_world_japanese_地域_北アメリカ_アメリカ合衆国_ペンシルバニア州,japanese,japanese,Japanese
top_regional_north_america_united_states_pennsylvania,top_world_français_régional_amérique_etats-unis_pennsylvanie,pennsylvanie,French,top_world_français_régional_amérique_etats-unis_pennsylvanie,french,french,French
top_regional_north_america_united_states_pennsylvania_localities,top_world_japanese_地域_北アメリカ_アメリカ合衆国_ペンシルバニア州_市町村,市町村,Japanese,top_world_japanese_地域_北アメリカ_アメリカ合衆国_ペンシルバニア州_市町村,japanese,japanese,Japanese
top_regional_north_america_united_states_pennsylvania_localities_p_philadelphia,top_world_japanese_地域_北アメリカ_アメリカ合衆国_ペンシルバニア州_市町村_フィラデルフィア,フィラデルフィア,Japanese,top_world_japanese_地域_北アメリカ_アメリカ合衆国_ペンシルバニア州_市町村_フィラデルフィア,japanese,japanese,Japanese
top_regional_north_america_united_states_recreation_and_sports,top_world_español_regional_américa_estados_unidos_deportes_y_tiempo_libre,deportes y tiempo libre,Spanish,top_world_español_regional_américa_estados_unidos_deportes_y_tiempo_libre,spanish,spanish,Spanish
top_regional_north_america_united_states_recreation_and_sports,top_world_russian_страны_и_регионы_северная_америка_соединенные_штаты_америки_отдых_и_спорт,отдых и спорт,Russian,top_world_russian_страны_и_регионы_северная_америка_соединенные_штаты_америки_отдых_и_спорт,russian,russian,Russian
top_regional_north_america_united_states_recreation_and_sports,top_world_deutsch_regional_amerika_vereinigte_staaten_sport,sport,German,top_world_deutsch_regional_amerika_vereinigte_staaten_sport,german,german,German
top_regional_north_america_united_states_recreation_and_sports,top_world_japanese_地域_北アメリカ_アメリカ合衆国_レクリエーションとスポーツ,レクリエーションとスポーツ,Japanese,top_world_japanese_地域_北アメリカ_アメリカ合衆国_レクリエーションとスポーツ,japanese,japanese,Japanese
top_regional_north_america_united_states_recreation_and_sports,top_world_français_régional_amérique_etats-unis_sports_et_loisirs,sports et loisirs,French,top_world_français_régional_amérique_etats-unis_sports_et_loisirs,french,french,French
top_regional_north_america_united_states_recreation_and_sports_olympics,top_world_français_sports_evénements_jeux_olympiques_par_pays_etats-unis,etats-unis,Français,top_world_français_sports_evénements_jeux_olympiques_par_pays_etats-unis,français,français,Français
top_regional_north_america_united_states_recreation_and_sports_tennis,top_world_russian_страны_и_регионы_северная_америка_соединенные_штаты_америки_отдых_и_спорт_теннис,теннис,Russian,top_world_russian_страны_и_регионы_северная_америка_соединенные_штаты_америки_отдых_и_спорт_теннис,russian,russian,Russian
top_regional_north_america_united_states_regions,top_world_deutsch_regional_amerika_vereinigte_staaten_regionen,regionen,German,top_world_deutsch_regional_amerika_vereinigte_staaten_regionen,german,german,German
top_regional_north_america_united_states_regions_new_england,top_world_deutsch_regional_amerika_vereinigte_staaten_regionen_neuengland,neuengland,German,top_world_deutsch_regional_amerika_vereinigte_staaten_regionen_neuengland,german,german,German
top_regional_north_america_united_states_regions_south_and_southeast,top_world_deutsch_regional_amerika_vereinigte_staaten_regionen_süden_und_südosten,süden und südosten,German,top_world_deutsch_regional_amerika_vereinigte_staaten_regionen_süden_und_südosten,german,german,German
top_regional_north_america_united_states_rhode_island,top_world_español_regional_américa_estados_unidos_estados_rhode_island,rhode island,Spanish,top_world_español_regional_américa_estados_unidos_estados_rhode_island,spanish,spanish,Spanish
top_regional_north_america_united_states_rhode_island,top_world_japanese_地域_北アメリカ_アメリカ合衆国_ロードアイランド州,ロードアイランド州,Japanese,top_world_japanese_地域_北アメリカ_アメリカ合衆国_ロードアイランド州,japanese,japanese,Japanese
top_regional_north_america_united_states_rhode_island,top_world_français_régional_amérique_etats-unis_rhode_island,rhode island,French,top_world_français_régional_amérique_etats-unis_rhode_island,french,french,French
top_regional_north_america_united_states_science_and_environment,top_world_français_régional_amérique_etats-unis_société_nature_et_environnement,nature et environnement,French,top_world_français_régional_amérique_etats-unis_société_nature_et_environnement,french,french,French
top_regional_north_america_united_states_society_and_culture,top_world_español_regional_américa_estados_unidos_sociedad,sociedad,Spanish,top_world_español_regional_américa_estados_unidos_sociedad,spanish,spanish,Spanish
top_regional_north_america_united_states_society_and_culture,top_world_russian_страны_и_регионы_северная_америка_соединенные_штаты_америки_общество_и_культура,общество и культура,Russian,top_world_russian_страны_и_регионы_северная_америка_соединенные_штаты_америки_общество_и_культура,russian,russian,Russian
top_regional_north_america_united_states_society_and_culture,top_world_deutsch_regional_amerika_vereinigte_staaten_gesellschaft,gesellschaft,German,top_world_deutsch_regional_amerika_vereinigte_staaten_gesellschaft,german,german,German
top_regional_north_america_united_states_society_and_culture,top_world_japanese_地域_北アメリカ_アメリカ合衆国_社会・文化,社会・文化,Japanese,top_world_japanese_地域_北アメリカ_アメリカ合衆国_社会・文化,japanese,japanese,Japanese
top_regional_north_america_united_states_society_and_culture,top_world_lietuvių_regionai_šiaurės_amerika_jungtinės_amerikos_valstijos_visuomenė,visuomenė,Lietuvių,top_world_lietuvių_regionai_šiaurės_amerika_jungtinės_amerikos_valstijos_visuomenė,lietuvių,lietuvių,Lietuvių
top_regional_north_america_united_states_society_and_culture,top_world_chinese_traditional_區域_美洲_美國_社會與文化,社會與文化,Chinese,top_world_chinese_traditional_區域_美洲_美國_社會與文化,chinese,chinese,Chinese
top_regional_north_america_united_states_society_and_culture,top_world_polski_regionalne_ameryka_północna_stany_zjednoczone_społeczeństwo,społeczeństwo,Polish,top_world_polski_regionalne_ameryka_północna_stany_zjednoczone_społeczeństwo,polish,polish,Polish
top_regional_north_america_united_states_society_and_culture,top_world_français_régional_amérique_etats-unis_société,société,French,top_world_français_régional_amérique_etats-unis_société,french,french,French
top_regional_north_america_united_states_society_and_culture,top_world_chinese_simplified_地区_北美洲_美国_社会与文化,社会与文化,Chinese Simplified,top_world_chinese_simplified_地区_北美洲_美国_社会与文化,chinese simplified,chinese simplified,Chinese Simplified
top_regional_north_america_united_states_society_and_culture,top_world_türkçe_bölgesel_amerika_amerika_birleşik_devletleri_toplum_ve_kültür,toplum ve kültür,Turkish,top_world_türkçe_bölgesel_amerika_amerika_birleşik_devletleri_toplum_ve_kültür,turkish,turkish,Turkish
top_regional_north_america_united_states_society_and_culture_chats_and_forums,top_world_russian_страны_и_регионы_северная_америка_соединенные_штаты_америки_общество_и_культура_чаты_и_форумы,чаты и форумы,Russian,top_world_russian_страны_и_регионы_северная_америка_соединенные_штаты_америки_общество_и_культура_чаты_и_форумы,russian,russian,Russian
top_regional_north_america_united_states_society_and_culture_chats_and_forums,top_world_deutsch_regional_amerika_vereinigte_staaten_gesellschaft_chats_und_foren,chats und foren,German,top_world_deutsch_regional_amerika_vereinigte_staaten_gesellschaft_chats_und_foren,german,german,German
top_regional_north_america_united_states_society_and_culture_immigration,top_world_deutsch_regional_amerika_vereinigte_staaten_gesellschaft_migration,migration,German,top_world_deutsch_regional_amerika_vereinigte_staaten_gesellschaft_migration,german,german,German
top_regional_north_america_united_states_society_and_culture_immigration,top_world_français_régional_amérique_etats-unis_société_personnes_immigration,immigration,French,top_world_français_régional_amérique_etats-unis_société_personnes_immigration,french,french,French
top_regional_north_america_united_states_society_and_culture_issues_human_rights,top_world_deutsch_regional_amerika_vereinigte_staaten_gesellschaft_menschenrechte,menschenrechte,German,top_world_deutsch_regional_amerika_vereinigte_staaten_gesellschaft_menschenrechte,german,german,German
top_regional_north_america_united_states_society_and_culture_issues_human_rights,top_world_français_régional_amérique_etats-unis_société_personnes_droits_de_l_homme,droits de l'homme,French,top_world_français_régional_amérique_etats-unis_société_personnes_droits_de_l_homme,french,french,French
top_regional_north_america_united_states_society_and_culture_organizations,top_world_español_regional_américa_estados_unidos_sociedad_asociaciones,asociaciones,Spanish,top_world_español_regional_américa_estados_unidos_sociedad_asociaciones,spanish,spanish,Spanish
top_regional_north_america_united_states_society_and_culture_organizations,top_world_polski_regionalne_ameryka_północna_stany_zjednoczone_społeczeństwo_organizacje,organizacje,Polish,top_world_polski_regionalne_ameryka_północna_stany_zjednoczone_społeczeństwo_organizacje,polish,polish,Polish
top_regional_north_america_united_states_society_and_culture_personal_pages,top_world_esperanto_regionoj_ameriko_usono_personoj,personoj,Esperanto,top_world_esperanto_regionoj_ameriko_usono_personoj,esperanto,esperanto,Esperanto
top_regional_north_america_united_states_society_and_culture_personal_pages,top_world_russian_страны_и_регионы_северная_америка_соединенные_штаты_америки_общество_и_культура_личные_страницы,личные страницы,Russian,top_world_russian_страны_и_регионы_северная_америка_соединенные_штаты_америки_общество_и_культура_личные_страницы,russian,russian,Russian
top_regional_north_america_united_states_society_and_culture_politics,top_world_español_regional_américa_estados_unidos_sociedad_política,política,Spanish,top_world_español_regional_américa_estados_unidos_sociedad_política,spanish,spanish,Spanish
top_regional_north_america_united_states_society_and_culture_politics,top_world_français_régional_amérique_etats-unis_société_politique,politique,French,top_world_français_régional_amérique_etats-unis_société_politique,french,french,French
top_regional_north_america_united_states_society_and_culture_politics_people,top_world_español_regional_américa_estados_unidos_sociedad_política_políticos,políticos,Spanish,top_world_español_regional_américa_estados_unidos_sociedad_política_políticos,spanish,spanish,Spanish
top_regional_north_america_united_states_society_and_culture_religion,top_world_español_regional_américa_estados_unidos_sociedad_religión_y_espiritualidad,religión y espiritualidad,Spanish,top_world_español_regional_américa_estados_unidos_sociedad_religión_y_espiritualidad,spanish,spanish,Spanish
top_regional_north_america_united_states_society_and_culture_religion,top_world_russian_страны_и_регионы_северная_америка_соединенные_штаты_америки_общество_и_культура_религия,религия,Russian,top_world_russian_страны_и_регионы_северная_америка_соединенные_штаты_америки_общество_и_культура_религия,russian,russian,Russian
top_regional_north_america_united_states_society_and_culture_religion,top_world_polski_regionalne_ameryka_północna_stany_zjednoczone_społeczeństwo_religia,religia,Polish,top_world_polski_regionalne_ameryka_północna_stany_zjednoczone_społeczeństwo_religia,polish,polish,Polish
top_regional_north_america_united_states_society_and_culture_religion,top_world_français_régional_amérique_etats-unis_société_religion_et_spiritualité,religion et spiritualité,Français,top_world_français_régional_amérique_etats-unis_société_religion_et_spiritualité,français,français,Français
top_regional_north_america_united_states_south_carolina,top_world_español_regional_américa_estados_unidos_estados_carolina_del_sur,carolina del sur,Spanish,top_world_español_regional_américa_estados_unidos_estados_carolina_del_sur,spanish,spanish,Spanish
top_regional_north_america_united_states_south_carolina,top_world_deutsch_regional_amerika_vereinigte_staaten_south_carolina,south carolina,German,top_world_deutsch_regional_amerika_vereinigte_staaten_south_carolina,german,german,German
top_regional_north_america_united_states_south_carolina,top_world_japanese_地域_北アメリカ_アメリカ合衆国_サウスカロライナ州,サウスカロライナ州,Japanese,top_world_japanese_地域_北アメリカ_アメリカ合衆国_サウスカロライナ州,japanese,japanese,Japanese
top_regional_north_america_united_states_south_carolina,top_world_français_régional_amérique_etats-unis_caroline_du_sud,caroline du sud,French,top_world_français_régional_amérique_etats-unis_caroline_du_sud,french,french,French
top_regional_north_america_united_states_south_dakota,top_world_español_regional_américa_estados_unidos_estados_dakota_del_sur,dakota del sur,Spanish,top_world_español_regional_américa_estados_unidos_estados_dakota_del_sur,spanish,spanish,Spanish
top_regional_north_america_united_states_south_dakota,top_world_deutsch_regional_amerika_vereinigte_staaten_süd-dakota,süd-dakota,German,top_world_deutsch_regional_amerika_vereinigte_staaten_süd-dakota,german,german,German
top_regional_north_america_united_states_south_dakota,top_world_français_régional_amérique_etats-unis_dakota_du_sud,dakota du sud,French,top_world_français_régional_amérique_etats-unis_dakota_du_sud,french,french,French
top_regional_north_america_united_states_tennessee,top_world_español_regional_américa_estados_unidos_estados_tennessee,tennessee,Spanish,top_world_español_regional_américa_estados_unidos_estados_tennessee,spanish,spanish,Spanish
top_regional_north_america_united_states_tennessee,top_world_deutsch_regional_amerika_vereinigte_staaten_tennessee,tennessee,German,top_world_deutsch_regional_amerika_vereinigte_staaten_tennessee,german,german,German
top_regional_north_america_united_states_tennessee,top_world_japanese_地域_北アメリカ_アメリカ合衆国_テネシー州,テネシー州,Japanese,top_world_japanese_地域_北アメリカ_アメリカ合衆国_テネシー州,japanese,japanese,Japanese
top_regional_north_america_united_states_tennessee,top_world_français_régional_amérique_etats-unis_tennessee,tennessee,French,top_world_français_régional_amérique_etats-unis_tennessee,french,french,French
top_regional_north_america_united_states_texas,top_world_español_regional_américa_estados_unidos_estados_texas,texas,Spanish,top_world_español_regional_américa_estados_unidos_estados_texas,spanish,spanish,Spanish
top_regional_north_america_united_states_texas,top_world_italiano_regionale_america_del_nord_stati_uniti_texas,texas,Italian,top_world_italiano_regionale_america_del_nord_stati_uniti_texas,italian,italian,Italian
top_regional_north_america_united_states_texas,top_world_esperanto_regionoj_ameriko_usono_teksaso,teksaso,Esperanto,top_world_esperanto_regionoj_ameriko_usono_teksaso,esperanto,esperanto,Esperanto
top_regional_north_america_united_states_texas,"top_world_korean_지역,국가_북아메리카_미국_텍사스",텍사스,Korean,"top_world_korean_지역,국가_북아메리카_미국_텍사스",korean,korean,Korean
top_regional_north_america_united_states_texas,top_world_russian_страны_и_регионы_северная_америка_соединенные_штаты_америки_техас,техас,Russian,top_world_russian_страны_и_регионы_северная_америка_соединенные_штаты_америки_техас,russian,russian,Russian
top_regional_north_america_united_states_texas,top_world_deutsch_regional_amerika_vereinigte_staaten_texas,texas,German,top_world_deutsch_regional_amerika_vereinigte_staaten_texas,german,german,German
top_regional_north_america_united_states_texas,top_world_japanese_地域_北アメリカ_アメリカ合衆国_テキサス州,テキサス州,Japanese,top_world_japanese_地域_北アメリカ_アメリカ合衆国_テキサス州,japanese,japanese,Japanese
top_regional_north_america_united_states_texas,top_world_polski_regionalne_ameryka_północna_stany_zjednoczone_teksas,teksas,Polish,top_world_polski_regionalne_ameryka_północna_stany_zjednoczone_teksas,polish,polish,Polish
top_regional_north_america_united_states_texas,top_world_français_régional_amérique_etats-unis_texas,texas,French,top_world_français_régional_amérique_etats-unis_texas,french,french,French
top_regional_north_america_united_states_texas_business_and_economy,top_world_español_regional_américa_estados_unidos_estados_texas_economía_y_negocios,economía y negocios,Spanish,top_world_español_regional_américa_estados_unidos_estados_texas_economía_y_negocios,spanish,spanish,Spanish
top_regional_north_america_united_states_texas_government,top_world_español_regional_américa_estados_unidos_estados_texas_gobierno,gobierno,Spanish,top_world_español_regional_américa_estados_unidos_estados_texas_gobierno,spanish,spanish,Spanish
top_regional_north_america_united_states_texas_health,top_world_español_regional_américa_estados_unidos_estados_texas_salud,salud,Spanish,top_world_español_regional_américa_estados_unidos_estados_texas_salud,spanish,spanish,Spanish
top_regional_north_america_united_states_texas_localities,top_world_español_regional_américa_estados_unidos_estados_texas_ciudades,ciudades,Spanish,top_world_español_regional_américa_estados_unidos_estados_texas_ciudades,spanish,spanish,Spanish
top_regional_north_america_united_states_texas_localities_a_austin,top_world_español_regional_américa_estados_unidos_estados_texas_ciudades_austin,austin,Spanish,top_world_español_regional_américa_estados_unidos_estados_texas_ciudades_austin,spanish,spanish,Spanish
top_regional_north_america_united_states_texas_localities_a_austin,top_world_japanese_地域_北アメリカ_アメリカ合衆国_テキサス州_市町村_オースティン,オースティン,Japanese,top_world_japanese_地域_北アメリカ_アメリカ合衆国_テキサス州_市町村_オースティン,japanese,japanese,Japanese
top_regional_north_america_united_states_texas_localities_d_dallas,top_world_español_regional_américa_estados_unidos_estados_texas_ciudades_dallas,dallas,Spanish,top_world_español_regional_américa_estados_unidos_estados_texas_ciudades_dallas,spanish,spanish,Spanish
top_regional_north_america_united_states_texas_localities_d_dallas,top_world_japanese_地域_北アメリカ_アメリカ合衆国_テキサス州_市町村_ダラス,ダラス,Japanese,top_world_japanese_地域_北アメリカ_アメリカ合衆国_テキサス州_市町村_ダラス,japanese,japanese,Japanese
top_regional_north_america_united_states_texas_localities_e_el_paso,top_world_español_regional_américa_estados_unidos_estados_texas_ciudades_el_paso,el paso,Spanish,top_world_español_regional_américa_estados_unidos_estados_texas_ciudades_el_paso,spanish,spanish,Spanish
top_regional_north_america_united_states_texas_localities_h_houston,top_world_español_regional_américa_estados_unidos_estados_texas_ciudades_houston,houston,Spanish,top_world_español_regional_américa_estados_unidos_estados_texas_ciudades_houston,spanish,spanish,Spanish
top_regional_north_america_united_states_texas_localities_h_houston,top_world_italiano_regionale_america_del_nord_stati_uniti_texas_houston,houston,Italian,top_world_italiano_regionale_america_del_nord_stati_uniti_texas_houston,italian,italian,Italian
top_regional_north_america_united_states_texas_localities_h_houston,top_world_japanese_地域_北アメリカ_アメリカ合衆国_テキサス州_市町村_ヒューストン,ヒューストン,Japanese,top_world_japanese_地域_北アメリカ_アメリカ合衆国_テキサス州_市町村_ヒューストン,japanese,japanese,Japanese
top_regional_north_america_united_states_texas_localities_l_laredo,top_world_español_regional_américa_estados_unidos_estados_texas_ciudades_laredo,laredo,Spanish,top_world_español_regional_américa_estados_unidos_estados_texas_ciudades_laredo,spanish,spanish,Spanish
top_regional_north_america_united_states_texas_localities_s_san_antonio,top_world_español_regional_américa_estados_unidos_estados_texas_ciudades_san_antonio,san antonio,Spanish,top_world_español_regional_américa_estados_unidos_estados_texas_ciudades_san_antonio,spanish,spanish,Spanish
top_regional_north_america_united_states_texas_localities_s_san_antonio,top_world_japanese_地域_北アメリカ_アメリカ合衆国_テキサス州_市町村_サンアントニオ,サンアントニオ,Japanese,top_world_japanese_地域_北アメリカ_アメリカ合衆国_テキサス州_市町村_サンアントニオ,japanese,japanese,Japanese
top_regional_north_america_united_states_texas_news_and_media,top_world_español_regional_américa_estados_unidos_estados_texas_noticias_y_medios,noticias y medios,Spanish,top_world_español_regional_américa_estados_unidos_estados_texas_noticias_y_medios,spanish,spanish,Spanish
top_regional_north_america_united_states_texas_news_and_media_newspapers,top_world_español_regional_américa_estados_unidos_estados_texas_noticias_y_medios_periódicos,periódicos,Spanish,top_world_español_regional_américa_estados_unidos_estados_texas_noticias_y_medios_periódicos,spanish,spanish,Spanish
top_regional_north_america_united_states_texas_society_and_culture,top_world_español_regional_américa_estados_unidos_estados_texas_sociedad,sociedad,Spanish,top_world_español_regional_américa_estados_unidos_estados_texas_sociedad,spanish,spanish,Spanish
top_regional_north_america_united_states_transportation,top_world_chinese_traditional_區域_美洲_美國_交通運輸,交通運輸,Chinese,top_world_chinese_traditional_區域_美洲_美國_交通運輸,chinese,chinese,Chinese
top_regional_north_america_united_states_transportation,top_world_chinese_simplified_地区_北美洲_美国_交通运输,交通运输,Chinese Simplified,top_world_chinese_simplified_地区_北美洲_美国_交通运输,chinese simplified,chinese simplified,Chinese Simplified
top_regional_north_america_united_states_transportation_car_rentals,top_world_deutsch_regional_amerika_vereinigte_staaten_verkehr_autovermietung,autovermietung,German,top_world_deutsch_regional_amerika_vereinigte_staaten_verkehr_autovermietung,german,german,German
top_regional_north_america_united_states_travel_and_tourism,top_world_español_regional_américa_estados_unidos_viajes_y_turismo,viajes y turismo,Spanish,top_world_español_regional_américa_estados_unidos_viajes_y_turismo,spanish,spanish,Spanish
top_regional_north_america_united_states_travel_and_tourism,top_world_italiano_regionale_america_del_nord_stati_uniti_turismo,turismo,Italian,top_world_italiano_regionale_america_del_nord_stati_uniti_turismo,italian,italian,Italian
top_regional_north_america_united_states_travel_and_tourism,top_world_bosanski_regionalno_sjeverna_amerika_sjedinjene_američke_države_putovanje_i_turizam,putovanje i turizam,Bosnian,top_world_bosanski_regionalno_sjeverna_amerika_sjedinjene_američke_države_putovanje_i_turizam,bosnian,bosnian,Bosnian
top_regional_north_america_united_states_travel_and_tourism,top_world_russian_страны_и_регионы_северная_америка_соединенные_штаты_америки_путешествия_и_туризм,путешествия и туризм,Russian,top_world_russian_страны_и_регионы_северная_америка_соединенные_штаты_америки_путешествия_и_туризм,russian,russian,Russian
top_regional_north_america_united_states_travel_and_tourism,top_world_deutsch_regional_amerika_vereinigte_staaten_reise_und_tourismus,reise und tourismus,German,top_world_deutsch_regional_amerika_vereinigte_staaten_reise_und_tourismus,german,german,German
top_regional_north_america_united_states_travel_and_tourism,top_world_japanese_地域_北アメリカ_アメリカ合衆国_旅行・観光,旅行・観光,Japanese,top_world_japanese_地域_北アメリカ_アメリカ合衆国_旅行・観光,japanese,japanese,Japanese
top_regional_north_america_united_states_travel_and_tourism,top_world_nederlands_regionaal_noord-amerika_verenigde_staten_reizen_en_toerisme,reizen en toerisme,Dutch,top_world_nederlands_regionaal_noord-amerika_verenigde_staten_reizen_en_toerisme,dutch,dutch,Dutch
top_regional_north_america_united_states_travel_and_tourism,top_world_svenska_regionalt_nordamerika_usa_resor_och_turism,resor och turism,Swedish,top_world_svenska_regionalt_nordamerika_usa_resor_och_turism,swedish,swedish,Swedish
top_regional_north_america_united_states_travel_and_tourism,top_world_chinese_traditional_區域_美洲_美國_旅遊,旅遊,Chinese,top_world_chinese_traditional_區域_美洲_美國_旅遊,chinese,chinese,Chinese
top_regional_north_america_united_states_travel_and_tourism,top_world_français_régional_amérique_etats-unis_voyages_et_tourisme,voyages et tourisme,French,top_world_français_régional_amérique_etats-unis_voyages_et_tourisme,french,french,French
top_regional_north_america_united_states_travel_and_tourism,top_world_chinese_simplified_地区_北美洲_美国_旅游,旅游,Chinese Simplified,top_world_chinese_simplified_地区_北美洲_美国_旅游,chinese simplified,chinese simplified,Chinese Simplified
top_regional_north_america_united_states_travel_and_tourism_attractions,top_world_français_régional_amérique_etats-unis_voyages_et_tourisme_attractions,attractions,French,top_world_français_régional_amérique_etats-unis_voyages_et_tourisme_attractions,french,french,French
top_regional_north_america_united_states_travel_and_tourism_lodging,top_world_deutsch_regional_amerika_vereinigte_staaten_gastgewerbe_unterkunft,unterkunft,German,top_world_deutsch_regional_amerika_vereinigte_staaten_gastgewerbe_unterkunft,german,german,German
top_regional_north_america_united_states_travel_and_tourism_lodging,top_world_japanese_地域_北アメリカ_アメリカ合衆国_旅行・観光_宿泊施設,宿泊施設,Japanese,top_world_japanese_地域_北アメリカ_アメリカ合衆国_旅行・観光_宿泊施設,japanese,japanese,Japanese
top_regional_north_america_united_states_travel_and_tourism_lodging,top_world_nederlands_regionaal_noord-amerika_verenigde_staten_reizen_en_toerisme_accommodatie,accommodatie,Dutch,top_world_nederlands_regionaal_noord-amerika_verenigde_staten_reizen_en_toerisme_accommodatie,dutch,dutch,Dutch
top_regional_north_america_united_states_travel_and_tourism_lodging,top_world_français_régional_amérique_etats-unis_voyages_et_tourisme_hébergement,hébergement,French,top_world_français_régional_amérique_etats-unis_voyages_et_tourisme_hébergement,french,french,French
top_regional_north_america_united_states_travel_and_tourism_lodging_hotels_and_motels,top_world_español_regional_américa_estados_unidos_viajes_y_turismo_alojamiento,alojamiento,Spanish,top_world_español_regional_américa_estados_unidos_viajes_y_turismo_alojamiento,spanish,spanish,Spanish
top_regional_north_america_united_states_travel_and_tourism_lodging_hotels_and_motels,top_world_français_régional_amérique_etats-unis_voyages_et_tourisme_hébergement_hôtels,hôtels,French,top_world_français_régional_amérique_etats-unis_voyages_et_tourisme_hébergement_hôtels,french,french,French
top_regional_north_america_united_states_travel_and_tourism_lodging_ranches,top_world_deutsch_regional_amerika_vereinigte_staaten_gastgewerbe_unterkunft_cattle_ranchs,cattle ranchs,German,top_world_deutsch_regional_amerika_vereinigte_staaten_gastgewerbe_unterkunft_cattle_ranchs,german,german,German
top_regional_north_america_united_states_travel_and_tourism_lodging_vacation_rentals,top_world_deutsch_regional_amerika_vereinigte_staaten_gastgewerbe_unterkunft_ferienwohnungen_und_-häuser,ferienwohnungen und -häuser,German,top_world_deutsch_regional_amerika_vereinigte_staaten_gastgewerbe_unterkunft_ferienwohnungen_und_-häuser,german,german,German
top_regional_north_america_united_states_travel_and_tourism_lodging_vacation_rentals,top_world_nederlands_regionaal_noord-amerika_verenigde_staten_reizen_en_toerisme_accommodatie_vakantiewoningen,vakantiewoningen,Dutch,top_world_nederlands_regionaal_noord-amerika_verenigde_staten_reizen_en_toerisme_accommodatie_vakantiewoningen,dutch,dutch,Dutch
top_regional_north_america_united_states_travel_and_tourism_national_parks_and_monuments,top_world_français_régional_amérique_etats-unis_société_nature_et_environnement_parcs_et_réserves_naturels,parcs et réserves naturels,French,top_world_français_régional_amérique_etats-unis_société_nature_et_environnement_parcs_et_réserves_naturels,french,french,French
top_regional_north_america_united_states_travel_and_tourism_travel_guides,top_world_español_regional_américa_estados_unidos_viajes_y_turismo_guías,guías,Spanish,top_world_español_regional_américa_estados_unidos_viajes_y_turismo_guías,spanish,spanish,Spanish
top_regional_north_america_united_states_travel_and_tourism_travel_services,top_world_bosanski_regionalno_sjeverna_amerika_sjedinjene_američke_države_putovanje_i_turizam_putničke_usluge,putničke usluge,Bosnian,top_world_bosanski_regionalno_sjeverna_amerika_sjedinjene_američke_države_putovanje_i_turizam_putničke_usluge,bosnian,bosnian,Bosnian
top_regional_north_america_united_states_travel_and_tourism_travel_services,top_world_russian_страны_и_регионы_северная_америка_соединенные_штаты_америки_путешествия_и_туризм_туристические_услуги,туристические услуги,Russian,top_world_russian_страны_и_регионы_северная_америка_соединенные_штаты_америки_путешествия_и_туризм_туристические_услуги,russian,russian,Russian
top_regional_north_america_united_states_travel_and_tourism_travel_services,top_world_deutsch_regional_amerika_vereinigte_staaten_reise_und_tourismus_reiseveranstalter,reiseveranstalter,German,top_world_deutsch_regional_amerika_vereinigte_staaten_reise_und_tourismus_reiseveranstalter,german,german,German
top_regional_north_america_united_states_travel_and_tourism_travel_services_travel_agents,top_world_bosanski_regionalno_sjeverna_amerika_sjedinjene_američke_države_putovanje_i_turizam_putničke_usluge_putničke_agencije,putničke agencije,Bosnian,top_world_bosanski_regionalno_sjeverna_amerika_sjedinjene_američke_države_putovanje_i_turizam_putničke_usluge_putničke_agencije,bosnian,bosnian,Bosnian
top_regional_north_america_united_states_utah,top_world_español_regional_américa_estados_unidos_estados_utah,utah,Spanish,top_world_español_regional_américa_estados_unidos_estados_utah,spanish,spanish,Spanish
top_regional_north_america_united_states_utah,top_world_italiano_regionale_america_del_nord_stati_uniti_utah,utah,Italian,top_world_italiano_regionale_america_del_nord_stati_uniti_utah,italian,italian,Italian
top_regional_north_america_united_states_utah,top_world_deutsch_regional_amerika_vereinigte_staaten_utah,utah,German,top_world_deutsch_regional_amerika_vereinigte_staaten_utah,german,german,German
top_regional_north_america_united_states_utah,top_world_japanese_地域_北アメリカ_アメリカ合衆国_ユタ州,ユタ州,Japanese,top_world_japanese_地域_北アメリカ_アメリカ合衆国_ユタ州,japanese,japanese,Japanese
top_regional_north_america_united_states_utah,top_world_français_régional_amérique_etats-unis_utah,utah,French,top_world_français_régional_amérique_etats-unis_utah,french,french,French
top_regional_north_america_united_states_vermont,top_world_español_regional_américa_estados_unidos_estados_vermont,vermont,Spanish,top_world_español_regional_américa_estados_unidos_estados_vermont,spanish,spanish,Spanish
top_regional_north_america_united_states_vermont,top_world_japanese_地域_北アメリカ_アメリカ合衆国_バーモント州,バーモント州,Japanese,top_world_japanese_地域_北アメリカ_アメリカ合衆国_バーモント州,japanese,japanese,Japanese
top_regional_north_america_united_states_vermont,top_world_français_régional_amérique_etats-unis_vermont,vermont,French,top_world_français_régional_amérique_etats-unis_vermont,french,french,French
top_regional_north_america_united_states_virginia,top_world_español_regional_américa_estados_unidos_estados_virginia,virginia,Spanish,top_world_español_regional_américa_estados_unidos_estados_virginia,spanish,spanish,Spanish
top_regional_north_america_united_states_virginia,top_world_russian_страны_и_регионы_северная_америка_соединенные_штаты_америки_вирджиния,вирджиния,Russian,top_world_russian_страны_и_регионы_северная_америка_соединенные_штаты_америки_вирджиния,russian,russian,Russian
top_regional_north_america_united_states_virginia,top_world_deutsch_regional_amerika_vereinigte_staaten_virginia,virginia,German,top_world_deutsch_regional_amerika_vereinigte_staaten_virginia,german,german,German
top_regional_north_america_united_states_virginia,top_world_japanese_地域_北アメリカ_アメリカ合衆国_バージニア州,バージニア州,Japanese,top_world_japanese_地域_北アメリカ_アメリカ合衆国_バージニア州,japanese,japanese,Japanese
top_regional_north_america_united_states_virginia,top_world_français_régional_amérique_etats-unis_virginie,virginie,French,top_world_français_régional_amérique_etats-unis_virginie,french,french,French
top_regional_north_america_united_states_washington,top_world_español_regional_américa_estados_unidos_estados_washington,washington,Spanish,top_world_español_regional_américa_estados_unidos_estados_washington,spanish,spanish,Spanish
top_regional_north_america_united_states_washington,top_world_esperanto_regionoj_ameriko_usono_vaŝingtonio,vaŝingtonio,Esperanto,top_world_esperanto_regionoj_ameriko_usono_vaŝingtonio,esperanto,esperanto,Esperanto
top_regional_north_america_united_states_washington,top_world_russian_страны_и_регионы_северная_америка_соединенные_штаты_америки_вашингтон,вашингтон,Russian,top_world_russian_страны_и_регионы_северная_америка_соединенные_штаты_америки_вашингтон,russian,russian,Russian
top_regional_north_america_united_states_washington,top_world_deutsch_regional_amerika_vereinigte_staaten_washington,washington,German,top_world_deutsch_regional_amerika_vereinigte_staaten_washington,german,german,German
top_regional_north_america_united_states_washington,top_world_japanese_地域_北アメリカ_アメリカ合衆国_ワシントン州,ワシントン州,Japanese,top_world_japanese_地域_北アメリカ_アメリカ合衆国_ワシントン州,japanese,japanese,Japanese
top_regional_north_america_united_states_washington,top_world_polski_regionalne_ameryka_północna_stany_zjednoczone_waszyngton,waszyngton,Polish,top_world_polski_regionalne_ameryka_północna_stany_zjednoczone_waszyngton,polish,polish,Polish
top_regional_north_america_united_states_washington,top_world_français_régional_amérique_etats-unis_washington,washington,French,top_world_français_régional_amérique_etats-unis_washington,french,french,French
"top_regional_north_america_united_states_washington,_dc",top_world_español_regional_américa_estados_unidos_estados_distrito_de_columbia,distrito de columbia,Spanish,top_world_español_regional_américa_estados_unidos_estados_distrito_de_columbia,spanish,spanish,Spanish
"top_regional_north_america_united_states_washington,_dc","top_world_russian_страны_и_регионы_северная_америка_соединенные_штаты_америки_вашингтон,_округ_колумбия","вашингтон, округ колумбия",Russian,"top_world_russian_страны_и_регионы_северная_америка_соединенные_штаты_америки_вашингтон,_округ_колумбия",russian,russian,Russian
"top_regional_north_america_united_states_washington,_dc","top_world_deutsch_regional_amerika_vereinigte_staaten_washington,_dc","washington, dc",German,"top_world_deutsch_regional_amerika_vereinigte_staaten_washington,_dc",german,german,German
"top_regional_north_america_united_states_washington,_dc",top_world_japanese_地域_北アメリカ_アメリカ合衆国_ワシントンd.c.,ワシントンd.c.,Japanese,top_world_japanese_地域_北アメリカ_アメリカ合衆国_ワシントンd.c.,japanese,japanese,Japanese
"top_regional_north_america_united_states_washington,_dc",top_world_français_régional_amérique_etats-unis_washington_district_de_columbia,washington district de columbia,French,top_world_français_régional_amérique_etats-unis_washington_district_de_columbia,french,french,French
"top_regional_north_america_united_states_washington,_dc",top_world_chinese_simplified_地区_北美洲_美国_华盛顿,华盛顿,Chinese Simplified,top_world_chinese_simplified_地区_北美洲_美国_华盛顿,chinese simplified,chinese simplified,Chinese Simplified
"top_regional_north_america_united_states_washington,_dc_education",top_world_japanese_地域_北アメリカ_アメリカ合衆国_ワシントンd.c._教育,教育,Japanese,top_world_japanese_地域_北アメリカ_アメリカ合衆国_ワシントンd.c._教育,japanese,japanese,Japanese
"top_regional_north_america_united_states_washington,_dc_society_and_culture","top_world_russian_страны_и_регионы_северная_америка_соединенные_штаты_америки_вашингтон,_округ_колумбия_общество_и_культура",общество и культура,Russian,"top_world_russian_страны_и_регионы_северная_америка_соединенные_штаты_америки_вашингтон,_округ_колумбия_общество_и_культура",russian,russian,Russian
"top_regional_north_america_united_states_washington,_dc_travel_and_tourism",top_world_español_regional_américa_estados_unidos_estados_distrito_de_columbia_viajes_y_turismo,viajes y turismo,Spanish,top_world_español_regional_américa_estados_unidos_estados_distrito_de_columbia_viajes_y_turismo,spanish,spanish,Spanish
top_regional_north_america_united_states_washington_education,top_world_japanese_地域_北アメリカ_アメリカ合衆国_ワシントン州_教育,教育,Japanese,top_world_japanese_地域_北アメリカ_アメリカ合衆国_ワシントン州_教育,japanese,japanese,Japanese
top_regional_north_america_united_states_washington_localities,top_world_japanese_地域_北アメリカ_アメリカ合衆国_ワシントン州_市町村,市町村,Japanese,top_world_japanese_地域_北アメリカ_アメリカ合衆国_ワシントン州_市町村,japanese,japanese,Japanese
top_regional_north_america_united_states_washington_localities_s_seattle,top_world_japanese_地域_北アメリカ_アメリカ合衆国_ワシントン州_市町村_シアトル,シアトル,Japanese,top_world_japanese_地域_北アメリカ_アメリカ合衆国_ワシントン州_市町村_シアトル,japanese,japanese,Japanese
top_regional_north_america_united_states_washington_news_and_media,top_world_español_regional_américa_estados_unidos_estados_washington_noticias_y_medios,noticias y medios,Spanish,top_world_español_regional_américa_estados_unidos_estados_washington_noticias_y_medios,spanish,spanish,Spanish
top_regional_north_america_united_states_washington_news_and_media_newspapers,top_world_español_regional_américa_estados_unidos_estados_washington_noticias_y_medios_periódicos,periódicos,Spanish,top_world_español_regional_américa_estados_unidos_estados_washington_noticias_y_medios_periódicos,spanish,spanish,Spanish
top_regional_north_america_united_states_washington_society_and_culture,top_world_russian_страны_и_регионы_северная_америка_соединенные_штаты_америки_вашингтон_общество_и_культура,общество и культура,Russian,top_world_russian_страны_и_регионы_северная_америка_соединенные_штаты_америки_вашингтон_общество_и_культура,russian,russian,Russian
top_regional_north_america_united_states_west_virginia,top_world_español_regional_américa_estados_unidos_estados_virginia_occidental,virginia occidental,Spanish,top_world_español_regional_américa_estados_unidos_estados_virginia_occidental,spanish,spanish,Spanish
top_regional_north_america_united_states_west_virginia,top_world_japanese_地域_北アメリカ_アメリカ合衆国_ウエストバージニア州,ウエストバージニア州,Japanese,top_world_japanese_地域_北アメリカ_アメリカ合衆国_ウエストバージニア州,japanese,japanese,Japanese
top_regional_north_america_united_states_west_virginia,top_world_français_régional_amérique_etats-unis_virginie_occidentale,virginie occidentale,French,top_world_français_régional_amérique_etats-unis_virginie_occidentale,french,french,French
top_regional_north_america_united_states_wisconsin,top_world_español_regional_américa_estados_unidos_estados_wisconsin,wisconsin,Spanish,top_world_español_regional_américa_estados_unidos_estados_wisconsin,spanish,spanish,Spanish
top_regional_north_america_united_states_wisconsin,top_world_russian_страны_и_регионы_северная_америка_соединенные_штаты_америки_висконсин,висконсин,Russian,top_world_russian_страны_и_регионы_северная_америка_соединенные_штаты_америки_висконсин,russian,russian,Russian
top_regional_north_america_united_states_wisconsin,top_world_deutsch_regional_amerika_vereinigte_staaten_wisconsin,wisconsin,German,top_world_deutsch_regional_amerika_vereinigte_staaten_wisconsin,german,german,German
top_regional_north_america_united_states_wisconsin,top_world_japanese_地域_北アメリカ_アメリカ合衆国_ウィスコンシン州,ウィスコンシン州,Japanese,top_world_japanese_地域_北アメリカ_アメリカ合衆国_ウィスコンシン州,japanese,japanese,Japanese
top_regional_north_america_united_states_wisconsin,top_world_français_régional_amérique_etats-unis_wisconsin,wisconsin,French,top_world_français_régional_amérique_etats-unis_wisconsin,french,french,French
top_regional_north_america_united_states_wyoming,top_world_español_regional_américa_estados_unidos_estados_wyoming,wyoming,Spanish,top_world_español_regional_américa_estados_unidos_estados_wyoming,spanish,spanish,Spanish
top_regional_north_america_united_states_wyoming,top_world_deutsch_regional_amerika_vereinigte_staaten_wyoming,wyoming,German,top_world_deutsch_regional_amerika_vereinigte_staaten_wyoming,german,german,German
top_regional_north_america_united_states_wyoming,top_world_japanese_地域_北アメリカ_アメリカ合衆国_ワイオミング州,ワイオミング州,Japanese,top_world_japanese_地域_北アメリカ_アメリカ合衆国_ワイオミング州,japanese,japanese,Japanese
top_regional_north_america_united_states_wyoming,top_world_français_régional_amérique_etats-unis_wyoming,wyoming,French,top_world_français_régional_amérique_etats-unis_wyoming,french,french,French
